nodes,connection
"(441, 443)",
"(850, 1089)",
"(313, 796)",
"(516, 613)",
"(490, 869)",
"(844, 1120)",
"(1385, 1465)",
"(490, 1031)",
"(335, 1224)",
"(893, 1345)",
"(737, 1113)",
"(731, 1352)",
"(1166, 1544)",
"(587, 1146)",
"(834, 1045)",
"(662, 1446)",
"(534, 1133)",
"(595, 1268)",
"(921, 1330)",
"(979, 1339)",
"(328, 1419)",
"(483, 482)",1.0
"(688, 1242)",
"(1137, 1479)",
"(716, 1472)",
"(1208, 1333)",
"(782, 1194)",
"(320, 1226)",
"(1313, 1336)",
"(645, 961)",
"(1201, 1318)",
"(494, 1164)",
"(1223, 1484)",
"(1416, 1570)",
"(665, 1152)",
"(321, 549)",
"(1259, 1464)",
"(928, 1036)",
"(1181, 1520)",
"(785, 1232)",
"(926, 1249)",
"(368, 693)",
"(645, 995)",
"(1289, 1540)",
"(1005, 1394)",
"(534, 652)",
"(888, 946)",
"(496, 1410)",
"(313, 959)",
"(354, 1592)",
"(562, 981)",
"(534, 779)",
"(459, 718)",
"(972, 1583)",
"(560, 1274)",
"(516, 633)",
"(927, 1018)",
"(526, 1113)",
"(868, 1097)",
"(881, 1374)",
"(516, 595)",
"(1174, 1335)",
"(369, 649)",
"(759, 1126)",
"(849, 1161)",
"(1055, 1405)",
"(583, 1223)",
"(429, 632)",
"(739, 1271)",
"(855, 1276)",
"(594, 1387)",
"(568, 1522)",
"(665, 1423)",
"(720, 1475)",
"(540, 992)",
"(478, 636)",
"(611, 924)",
"(812, 1119)",
"(359, 1213)",
"(390, 1597)",
"(832, 834)",
"(108, 125)",1.0
"(360, 1201)",
"(1039, 1381)",
"(437, 1248)",
"(788, 980)",
"(988, 1537)",
"(313, 1152)",
"(640, 962)",
"(766, 1187)",
"(429, 825)",
"(432, 645)",
"(564, 1429)",
"(1170, 1449)",
"(887, 1270)",
"(1205, 1228)",
"(1101, 1549)",
"(498, 876)",
"(620, 1162)",
"(1212, 1303)",
"(535, 738)",
"(765, 941)",
"(1078, 1482)",
"(304, 1504)",
"(1220, 1400)",
"(374, 478)",
"(713, 1412)",
"(816, 1457)",
"(601, 783)",
"(1811, 432)",1.0
"(1523, 1599)",
"(821, 1168)",
"(310, 1528)",
"(567, 1333)",
"(302, 1257)",
"(937, 1342)",
"(534, 1171)",
"(941, 1321)",
"(1237, 1395)",
"(349, 1068)",
"(308, 1278)",
"(322, 1028)",
"(815, 1004)",
"(897, 1356)",
"(1241, 1535)",
"(535, 863)",
"(667, 1204)",
"(1034, 1115)",
"(1852, 976)",1.0
"(736, 1325)",
"(872, 935)",
"(998, 1174)",
"(380, 1093)",
"(313, 952)",
"(707, 1183)",
"(500, 1126)",
"(751, 819)",
"(862, 1257)",
"(906, 950)",
"(574, 644)",
"(748, 817)",
"(884, 1413)",
"(607, 1340)",
"(431, 967)",
"(922, 1327)",
"(577, 896)",
"(1112, 1168)",
"(876, 956)",
"(476, 1545)",
"(319, 1106)",
"(687, 1570)",
"(602, 945)",
"(1347, 1367)",
"(647, 1059)",
"(602, 618)",
"(952, 1571)",
"(855, 1229)",
"(1002, 1265)",
"(746, 1492)",
"(947, 1075)",
"(311, 683)",
"(938, 1316)",
"(800, 1336)",
"(1429, 1537)",
"(522, 1482)",
"(893, 1118)",
"(720, 951)",
"(1464, 1549)",
"(674, 1346)",
"(392, 1582)",
"(872, 1597)",
"(1149, 1236)",
"(301, 725)",
"(526, 1263)",
"(362, 799)",
"(847, 985)",
"(399, 1545)",
"(1058, 1531)",
"(331, 590)",
"(531, 879)",
"(564, 1241)",
"(1224, 1446)",
"(1061, 1305)",
"(363, 1529)",
"(1435, 1516)",
"(324, 1182)",
"(1082, 1326)",
"(1273, 1500)",
"(576, 1144)",
"(334, 472)",
"(321, 747)",
"(569, 979)",
"(807, 1357)",
"(802, 1033)",
"(1155, 1341)",
"(1450, 1520)",
"(604, 1279)",
"(948, 1340)",
"(1271, 1534)",
"(600, 871)",
"(399, 1240)",
"(681, 834)",
"(830, 913)",
"(340, 1534)",
"(575, 759)",
"(1096, 1441)",
"(337, 1244)",
"(397, 1288)",
"(795, 1467)",
"(1103, 1256)",
"(848, 1371)",
"(701, 1479)",
"(302, 923)",
"(2405, 1359)",1.0
"(890, 1133)",
"(642, 1426)",
"(387, 420)",
"(379, 1191)",
"(573, 1088)",
"(516, 844)",
"(699, 1153)",
"(523, 609)",
"(903, 1155)",
"(642, 667)",
"(433, 675)",
"(890, 1519)",
"(520, 1395)",
"(452, 1533)",
"(355, 427)",
"(355, 1327)",
"(464, 1526)",
"(738, 1285)",
"(991, 1145)",
"(637, 1020)",
"(1119, 1376)",
"(449, 513)",
"(485, 1394)",
"(953, 1051)",
"(304, 649)",
"(780, 1191)",
"(327, 1553)",
"(721, 1002)",
"(374, 488)",
"(831, 1286)",
"(1034, 1533)",
"(649, 770)",
"(723, 895)",
"(937, 1289)",
"(830, 984)",
"(814, 1481)",
"(365, 468)",
"(510, 1365)",
"(542, 1140)",
"(943, 1331)",
"(588, 690)",
"(420, 686)",
"(378, 1029)",
"(1370, 1552)",
"(1225, 1232)",
"(372, 839)",
"(371, 1598)",
"(725, 1427)",
"(424, 750)",
"(339, 785)",
"(1326, 1387)",
"(1202, 1374)",
"(611, 1377)",
"(591, 1170)",
"(762, 979)",
"(360, 1552)",
"(961, 1170)",
"(685, 1547)",
"(650, 881)",
"(586, 717)",
"(551, 1000)",
"(497, 744)",
"(407, 702)",
"(517, 1397)",
"(985, 1132)",
"(301, 864)",
"(324, 658)",
"(689, 730)",
"(388, 1250)",
"(673, 1115)",
"(327, 744)",
"(579, 845)",
"(501, 1527)",
"(907, 1015)",
"(559, 1396)",
"(1121, 1199)",
"(455, 1200)",
"(420, 1536)",
"(504, 1189)",
"(306, 1129)",
"(1201, 1376)",
"(408, 1219)",
"(544, 1565)",
"(1059, 1594)",
"(902, 1278)",
"(363, 899)",
"(359, 641)",
"(716, 1418)",
"(431, 816)",
"(1033, 1398)",
"(525, 855)",
"(597, 1159)",
"(972, 1014)",
"(624, 672)",
"(1041, 1573)",
"(761, 1155)",
"(889, 1097)",
"(1251, 1491)",
"(919, 1374)",
"(783, 1338)",
"(1283, 1378)",
"(571, 1537)",
"(976, 1367)",
"(889, 1484)",
"(599, 1216)",
"(1127, 1383)",
"(460, 1414)",
"(1133, 1160)",
"(419, 873)",
"(819, 1294)",
"(662, 722)",
"(1474, 1562)",
"(954, 1042)",
"(535, 685)",
"(767, 846)",
"(1120, 1557)",
"(341, 824)",
"(842, 1414)",
"(921, 1482)",
"(1383, 1474)",
"(528, 936)",
"(1087, 1246)",
"(472, 1208)",
"(612, 1452)",
"(550, 821)",
"(877, 911)",
"(1505, 1530)",
"(630, 795)",
"(1184, 1357)",
"(301, 1159)",
"(302, 1530)",
"(1100, 1202)",
"(956, 1294)",
"(710, 797)",
"(349, 1058)",
"(352, 1292)",
"(452, 1065)",
"(517, 941)",
"(305, 1174)",
"(503, 870)",
"(720, 1192)",
"(342, 1034)",
"(483, 480)",1.0
"(512, 1011)",
"(1143, 1197)",
"(300, 1399)",
"(654, 902)",
"(954, 1249)",
"(330, 1103)",
"(512, 1577)",
"(675, 818)",
"(1339, 1552)",
"(1246, 1564)",
"(1056, 1145)",
"(698, 757)",
"(359, 494)",
"(404, 1267)",
"(627, 833)",
"(850, 1391)",
"(923, 1013)",
"(996, 1126)",
"(1249, 1420)",
"(797, 1082)",
"(642, 952)",
"(313, 565)",
"(1145, 1590)",
"(844, 166)",1.0
"(303, 1598)",
"(375, 973)",
"(583, 1541)",
"(818, 951)",
"(974, 1295)",
"(1290, 1415)",
"(640, 1167)",
"(782, 1210)",
"(313, 887)",
"(918, 940)",
"(1575, 1593)",
"(1404, 1499)",
"(401, 944)",
"(304, 1091)",
"(916, 1325)",
"(503, 1233)",
"(413, 1514)",
"(643, 1316)",
"(1037, 1095)",
"(578, 1256)",
"(611, 1071)",
"(646, 1440)",
"(1513, 1570)",
"(368, 917)",
"(419, 1232)",
"(1329, 1471)",
"(310, 1223)",
"(530, 789)",
"(542, 1048)",
"(492, 1019)",
"(644, 1456)",
"(594, 809)",
"(501, 1093)",
"(1100, 1269)",
"(1235, 1345)",
"(302, 459)",
"(684, 1477)",
"(679, 728)",
"(642, 1312)",
"(634, 700)",
"(605, 1402)",
"(619, 801)",
"(717, 977)",
"(648, 969)",
"(1023, 1246)",
"(599, 1108)",
"(1257, 1309)",
"(837, 896)",
"(977, 1526)",
"(517, 1147)",
"(596, 1457)",
"(966, 1049)",
"(1175, 1210)",
"(516, 554)",
"(379, 1488)",
"(405, 848)",
"(301, 1513)",
"(754, 1149)",
"(820, 1544)",
"(1240, 1477)",
"(531, 747)",
"(551, 1287)",
"(1137, 1152)",
"(466, 1494)",
"(364, 516)",
"(753, 1161)",
"(607, 822)",
"(670, 790)",
"(747, 899)",
"(1370, 1434)",
"(516, 1305)",
"(1224, 1344)",
"(304, 1195)",
"(491, 1107)",
"(796, 1034)",
"(847, 1594)",
"(407, 529)",
"(407, 1351)",
"(1110, 1436)",
"(405, 1270)",
"(1438, 1595)",
"(563, 626)",
"(780, 812)",
"(1384, 1588)",
"(323, 1062)",
"(765, 924)",
"(967, 1552)",
"(784, 1258)",
"(425, 501)",
"(676, 987)",
"(682, 1559)",
"(455, 717)",
"(805, 1218)",
"(821, 1583)",
"(529, 1129)",
"(445, 619)",
"(940, 1520)",
"(1207, 1424)",
"(1298, 1336)",
"(1231, 1493)",
"(792, 934)",
"(389, 1081)",
"(966, 1549)",
"(1464, 1566)",
"(558, 1385)",
"(382, 748)",
"(829, 1447)",
"(663, 1579)",
"(522, 957)",
"(789, 1143)",
"(777, 1481)",
"(372, 1153)",
"(660, 1590)",
"(682, 928)",
"(600, 1216)",
"(362, 466)",
"(308, 1226)",
"(1152, 1272)",
"(368, 1479)",
"(684, 1033)",
"(570, 482)",1.0
"(741, 1048)",
"(806, 1468)",
"(360, 878)",
"(494, 1467)",
"(558, 769)",
"(633, 658)",
"(813, 1316)",
"(443, 1516)",
"(347, 916)",
"(702, 1497)",
"(626, 1230)",
"(480, 1118)",
"(503, 1526)",
"(543, 1349)",
"(430, 1389)",
"(766, 799)",
"(482, 1451)",
"(462, 819)",
"(864, 1399)",
"(404, 1035)",
"(1527, 1554)",
"(1215, 1575)",
"(342, 1011)",
"(636, 1179)",
"(1090, 1134)",
"(393, 968)",
"(978, 1027)",
"(460, 1085)",
"(595, 925)",
"(342, 1339)",
"(1271, 1361)",
"(930, 1593)",
"(498, 1012)",
"(370, 1511)",
"(957, 1119)",
"(1185, 1423)",
"(504, 1499)",
"(894, 1370)",
"(472, 1526)",
"(737, 1360)",
"(845, 1560)",
"(661, 991)",
"(789, 1438)",
"(933, 1256)",
"(878, 1291)",
"(325, 655)",
"(1085, 1226)",
"(355, 1396)",
"(1291, 1371)",
"(544, 1318)",
"(494, 1031)",
"(613, 1149)",
"(484, 1250)",
"(607, 745)",
"(2111, 2217)",1.0
"(570, 880)",
"(714, 847)",
"(929, 1290)",
"(398, 555)",
"(331, 397)",
"(1027, 1412)",
"(806, 1568)",
"(406, 1245)",
"(734, 1467)",
"(644, 824)",
"(509, 107)",1.0
"(557, 956)",
"(702, 1553)",
"(721, 847)",
"(680, 1311)",
"(600, 622)",
"(667, 1508)",
"(1214, 1254)",
"(526, 1240)",
"(942, 1224)",
"(674, 1595)",
"(485, 953)",
"(1269, 1423)",
"(402, 901)",
"(457, 623)",
"(607, 1596)",
"(904, 1580)",
"(851, 876)",
"(965, 1364)",
"(1375, 1578)",
"(763, 1444)",
"(438, 1086)",
"(1275, 1474)",
"(585, 1284)",
"(1044, 1135)",
"(955, 1478)",
"(305, 1314)",
"(884, 1348)",
"(683, 1159)",
"(769, 847)",
"(478, 1343)",
"(561, 1407)",
"(463, 1329)",
"(638, 1106)",
"(1474, 1526)",
"(1146, 1264)",
"(671, 1185)",
"(1255, 1256)",
"(325, 861)",
"(1105, 1246)",
"(1473, 1534)",
"(965, 1335)",
"(1068, 1160)",
"(1215, 1322)",
"(1380, 1469)",
"(691, 770)",
"(405, 590)",
"(1068, 1503)",
"(920, 1297)",
"(355, 1214)",
"(755, 1538)",
"(529, 648)",
"(520, 1335)",
"(1327, 1572)",
"(728, 1041)",
"(446, 1460)",
"(845, 956)",
"(663, 1439)",
"(313, 481)",
"(345, 1309)",
"(408, 1270)",
"(566, 1401)",
"(731, 1113)",
"(365, 1552)",
"(484, 1033)",
"(1386, 1432)",
"(834, 1074)",
"(624, 718)",
"(1312, 1565)",
"(318, 913)",
"(625, 1017)",
"(947, 1092)",
"(349, 1158)",
"(1217, 1368)",
"(889, 1467)",
"(671, 1094)",
"(516, 1281)",
"(1059, 1375)",
"(735, 803)",
"(1087, 1334)",
"(581, 1298)",
"(474, 1491)",
"(504, 690)",
"(312, 1015)",
"(1116, 1537)",
"(715, 1174)",
"(506, 1004)",
"(709, 1289)",
"(636, 1285)",
"(405, 503)",
"(364, 1403)",
"(453, 1432)",
"(1341, 1546)",
"(364, 1451)",
"(397, 658)",
"(1031, 1369)",
"(1163, 1189)",
"(1007, 1351)",
"(461, 1390)",
"(423, 434)",
"(402, 1400)",
"(334, 1478)",
"(1138, 1282)",
"(721, 1460)",
"(1188, 1599)",
"(819, 1226)",
"(868, 1162)",
"(713, 1255)",
"(399, 436)",
"(1095, 1157)",
"(556, 861)",
"(1418, 1478)",
"(374, 1053)",
"(445, 507)",
"(1060, 1377)",
"(402, 1549)",
"(896, 1351)",
"(1014, 1060)",1.0
"(1214, 1400)",
"(899, 1265)",
"(349, 469)",
"(652, 797)",
"(451, 1139)",
"(312, 700)",
"(576, 1498)",
"(1061, 1404)",
"(389, 1577)",
"(1341, 1386)",
"(1437, 1450)",
"(460, 698)",
"(555, 1459)",
"(648, 1444)",
"(728, 801)",
"(687, 1159)",
"(631, 1211)",
"(625, 1041)",
"(318, 1462)",
"(763, 779)",
"(441, 1404)",
"(1104, 1567)",
"(392, 751)",
"(434, 1377)",
"(347, 989)",
"(1471, 1508)",
"(315, 430)",
"(339, 515)",
"(735, 1053)",
"(739, 1012)",
"(513, 984)",
"(330, 1242)",
"(643, 1500)",
"(1460, 1555)",
"(959, 1144)",
"(503, 1131)",
"(1303, 934)",1.0
"(916, 942)",
"(577, 734)",
"(1074, 1188)",
"(814, 1338)",
"(590, 1123)",
"(912, 1263)",
"(457, 1027)",
"(859, 1026)",
"(411, 672)",
"(390, 1374)",
"(1446, 1555)",
"(817, 979)",
"(1270, 1593)",
"(650, 1584)",
"(576, 688)",
"(804, 1363)",
"(1017, 1268)",
"(1223, 1253)",
"(763, 1188)",
"(915, 1528)",
"(488, 655)",
"(391, 1504)",
"(467, 527)",
"(309, 929)",
"(854, 1139)",
"(868, 1332)",
"(678, 1532)",
"(1216, 1354)",
"(718, 803)",
"(581, 1303)",
"(508, 742)",
"(502, 1253)",
"(376, 765)",
"(408, 508)",
"(1258, 1576)",
"(772, 1149)",
"(1146, 1562)",
"(875, 1523)",
"(357, 1221)",
"(407, 930)",
"(741, 1079)",
"(304, 1141)",
"(635, 1400)",
"(587, 1317)",
"(905, 1476)",
"(831, 1435)",
"(310, 843)",
"(421, 955)",
"(329, 619)",
"(1144, 1579)",
"(361, 590)",
"(416, 553)",
"(713, 1263)",
"(1528, 1544)",
"(580, 1304)",
"(549, 1508)",
"(945, 1545)",
"(783, 1134)",
"(973, 1397)",
"(1321, 1519)",
"(341, 1384)",
"(1014, 1493)",
"(628, 1145)",
"(411, 899)",
"(632, 1237)",
"(892, 1043)",
"(1146, 1348)",
"(871, 976)",
"(1419, 1491)",
"(449, 1345)",
"(1017, 1090)",
"(410, 727)",
"(1160, 1335)",
"(1280, 1366)",
"(1234, 1511)",
"(399, 1427)",
"(345, 1079)",
"(1277, 1279)",
"(428, 580)",
"(752, 868)",
"(991, 1283)",
"(347, 876)",
"(925, 1549)",
"(1009, 1349)",
"(739, 1418)",
"(1222, 1270)",
"(771, 1261)",
"(876, 1567)",
"(311, 1381)",
"(1035, 1524)",
"(1060, 1122)",
"(749, 1327)",
"(399, 964)",
"(452, 631)",
"(645, 1371)",
"(493, 1599)",
"(334, 1175)",
"(394, 845)",
"(1154, 1516)",
"(1042, 1261)",
"(538, 1080)",
"(1151, 1267)",
"(611, 2555)",1.0
"(617, 1152)",
"(367, 915)",
"(1097, 1534)",
"(499, 630)",
"(430, 533)",
"(409, 1416)",
"(464, 615)",
"(973, 1265)",
"(440, 956)",
"(589, 1253)",
"(581, 1154)",
"(536, 1185)",
"(460, 1239)",
"(988, 1127)",
"(438, 1012)",
"(790, 931)",
"(539, 1586)",
"(698, 1457)",
"(509, 595)",
"(418, 1593)",
"(882, 1198)",
"(650, 1473)",
"(728, 1565)",
"(456, 1175)",
"(447, 1013)",
"(423, 1490)",
"(572, 1341)",
"(414, 1265)",
"(300, 1244)",
"(718, 901)",
"(655, 1362)",
"(427, 1574)",
"(1198, 1237)",
"(1088, 1569)",
"(809, 1034)",
"(695, 880)",
"(580, 814)",
"(720, 1301)",
"(907, 1484)",
"(347, 1228)",
"(1445, 1590)",
"(1113, 1593)",
"(382, 1320)",
"(717, 1194)",
"(373, 1037)",
"(384, 1284)",
"(655, 1580)",
"(321, 426)",
"(364, 385)",
"(488, 956)",
"(608, 708)",
"(591, 1503)",
"(437, 978)",
"(1505, 1538)",
"(970, 1340)",
"(621, 665)",
"(433, 1215)",
"(805, 899)",
"(432, 702)",
"(1350, 1524)",
"(932, 1292)",
"(337, 1024)",
"(1049, 1258)",
"(482, 1086)",
"(862, 895)",
"(1106, 1472)",
"(1267, 1332)",
"(1261, 1593)",
"(865, 1490)",
"(709, 1264)",
"(1017, 1185)",
"(838, 1147)",
"(1131, 1421)",
"(534, 1590)",
"(578, 1301)",
"(715, 1104)",
"(535, 1351)",
"(611, 930)",
"(1181, 1238)",
"(360, 1377)",
"(754, 1069)",
"(771, 1325)",
"(718, 1486)",
"(482, 1332)",
"(452, 1512)",
"(381, 821)",
"(906, 1010)",
"(608, 1313)",
"(696, 820)",
"(892, 1561)",
"(307, 1206)",
"(1059, 1485)",
"(996, 1253)",
"(301, 867)",
"(520, 1293)",
"(582, 1497)",
"(1388, 1568)",
"(503, 1421)",
"(927, 1282)",
"(454, 1015)",
"(1216, 1368)",
"(639, 1077)",
"(745, 1285)",
"(700, 1125)",
"(522, 873)",
"(387, 1477)",
"(420, 1444)",
"(754, 1300)",
"(710, 1570)",
"(353, 1566)",
"(306, 1181)",
"(1334, 1520)",
"(542, 807)",
"(313, 458)",
"(538, 1205)",
"(376, 735)",
"(517, 1512)",
"(742, 1329)",
"(823, 1428)",
"(408, 1336)",
"(920, 1448)",
"(810, 846)",
"(933, 1265)",
"(339, 988)",
"(910, 1506)",
"(354, 650)",
"(1059, 1133)",
"(1182, 1275)",
"(379, 1077)",
"(694, 1578)",
"(957, 1537)",
"(851, 1555)",
"(651, 1400)",
"(463, 1475)",
"(1005, 1092)",
"(800, 1090)",
"(1193, 1299)",
"(577, 1116)",
"(467, 1441)",
"(772, 1407)",
"(687, 1277)",
"(580, 698)",
"(474, 927)",
"(959, 1150)",
"(956, 1487)",
"(578, 942)",
"(962, 1157)",
"(1110, 1468)",
"(615, 729)",
"(392, 1457)",
"(575, 1005)",
"(705, 1085)",
"(453, 833)",
"(533, 1572)",
"(775, 822)",
"(1455, 1573)",
"(307, 640)",
"(603, 956)",
"(596, 914)",
"(405, 419)",
"(502, 1291)",
"(1113, 1448)",
"(590, 914)",
"(983, 1116)",
"(465, 890)",
"(848, 1028)",
"(437, 1201)",
"(496, 1561)",
"(1227, 1449)",
"(1215, 1493)",
"(952, 1235)",
"(341, 583)",
"(1127, 1404)",
"(638, 893)",
"(742, 869)",
"(1208, 1291)",
"(533, 789)",
"(589, 1031)",
"(1001, 1311)",
"(1199, 1384)",
"(982, 1464)",
"(364, 1212)",
"(550, 645)",
"(955, 1347)",
"(598, 1033)",
"(663, 794)",
"(905, 1243)",
"(465, 868)",
"(536, 549)",
"(695, 1537)",
"(498, 1128)",
"(1100, 1200)",
"(308, 372)",
"(1217, 1419)",
"(774, 1569)",
"(999, 1374)",
"(832, 1362)",
"(1250, 1574)",
"(1080, 1232)",
"(835, 1554)",
"(626, 830)",
"(847, 945)",
"(1055, 1482)",
"(436, 646)",
"(384, 1237)",
"(485, 1436)",
"(614, 1266)",
"(794, 1329)",
"(769, 1465)",
"(875, 1035)",
"(766, 941)",
"(722, 899)",
"(371, 1299)",
"(779, 1376)",
"(947, 1456)",
"(725, 1207)",
"(1314, 414)",1.0
"(428, 1528)",
"(990, 1563)",
"(1264, 1311)",
"(542, 613)",
"(485, 1396)",
"(395, 744)",
"(545, 994)",
"(850, 1484)",
"(1556, 1582)",
"(467, 589)",
"(955, 1473)",
"(507, 783)",
"(677, 746)",
"(452, 650)",
"(720, 1429)",
"(977, 1214)",
"(304, 1297)",
"(736, 824)",
"(1025, 1385)",
"(1253, 1367)",
"(443, 1331)",
"(797, 1340)",
"(395, 1532)",
"(908, 1099)",
"(1446, 1593)",
"(502, 1406)",
"(339, 1557)",
"(512, 871)",
"(669, 1489)",
"(674, 1447)",
"(387, 1178)",
"(710, 832)",
"(1115, 1321)",
"(538, 1524)",
"(458, 1055)",
"(795, 1506)",
"(714, 851)",
"(1269, 1340)",
"(1022, 1207)",
"(356, 1170)",
"(565, 1587)",
"(777, 1114)",
"(958, 1483)",
"(1484, 1518)",
"(449, 1417)",
"(580, 1073)",
"(1083, 1310)",
"(591, 1066)",
"(722, 1255)",
"(543, 1007)",
"(855, 1293)",
"(927, 1267)",
"(1396, 1458)",
"(1132, 1578)",
"(1066, 1237)",
"(1375, 1496)",
"(842, 1366)",
"(698, 978)",
"(594, 1087)",
"(1138, 1455)",
"(884, 1210)",
"(388, 985)",
"(1076, 1552)",
"(512, 798)",
"(768, 1072)",
"(649, 1326)",
"(700, 1191)",
"(898, 1031)",
"(386, 1200)",
"(984, 1174)",
"(867, 935)",
"(811, 1269)",
"(485, 1077)",
"(1164, 1597)",
"(1266, 1441)",
"(945, 966)",
"(621, 1419)",
"(1414, 1458)",
"(423, 708)",
"(305, 926)",
"(379, 1583)",
"(550, 1069)",
"(470, 890)",
"(1129, 1385)",
"(351, 1401)",
"(907, 1165)",
"(1536, 1561)",
"(682, 1442)",
"(689, 1452)",
"(566, 1029)",
"(493, 1140)",
"(672, 1043)",
"(819, 1311)",
"(773, 1018)",
"(1300, 1533)",
"(399, 1318)",
"(1205, 1458)",
"(659, 1396)",
"(626, 845)",
"(1444, 1484)",
"(356, 1294)",
"(1284, 1316)",
"(982, 1308)",
"(1335, 1434)",
"(725, 883)",
"(414, 883)",
"(1482, 1526)",
"(312, 331)",
"(388, 765)",
"(785, 1290)",
"(444, 1375)",
"(410, 537)",
"(803, 1497)",
"(403, 1119)",
"(376, 902)",
"(325, 1191)",
"(872, 1243)",
"(957, 1490)",
"(345, 673)",
"(357, 1090)",
"(2574, 758)",1.0
"(1163, 1316)",
"(913, 1469)",
"(329, 1140)",
"(1401, 1573)",
"(416, 1406)",
"(326, 1514)",
"(397, 1449)",
"(798, 822)",
"(563, 965)",
"(514, 1569)",
"(524, 692)",
"(563, 574)",
"(725, 1060)",
"(1079, 1192)",
"(901, 1043)",
"(1071, 1491)",
"(332, 631)",
"(413, 810)",
"(810, 1055)",
"(1250, 1557)",
"(1781, 2043)",1.0
"(1160, 1536)",
"(1093, 1553)",
"(608, 939)",
"(655, 1558)",
"(1074, 1544)",
"(390, 531)",
"(506, 1027)",
"(1048, 1261)",
"(466, 1075)",
"(446, 1562)",
"(659, 755)",
"(871, 1578)",
"(748, 1137)",
"(881, 1395)",
"(699, 1033)",
"(1181, 1514)",
"(726, 1262)",
"(413, 1321)",
"(314, 662)",
"(933, 1398)",
"(918, 1131)",
"(300, 724)",
"(1027, 1046)",
"(1266, 1313)",
"(1268, 1575)",
"(1358, 1440)",
"(561, 951)",
"(334, 1599)",
"(594, 1209)",
"(895, 1183)",
"(418, 1078)",
"(460, 734)",
"(347, 367)",
"(749, 1162)",
"(763, 1390)",
"(359, 861)",
"(729, 841)",
"(533, 1036)",
"(435, 1064)",
"(1374, 1593)",
"(549, 967)",
"(1321, 1514)",
"(338, 950)",
"(805, 1345)",
"(986, 1473)",
"(470, 1094)",
"(378, 1213)",
"(550, 1144)",
"(956, 1237)",
"(2159, 1982)",1.0
"(795, 936)",
"(361, 824)",
"(920, 1504)",
"(1133, 1173)",
"(482, 1291)",
"(862, 1389)",
"(596, 1163)",
"(845, 1157)",
"(1297, 1442)",
"(1133, 1200)",
"(955, 1502)",
"(960, 1098)",
"(927, 1417)",
"(438, 1024)",
"(1041, 1068)",
"(570, 628)",
"(700, 777)",
"(726, 1170)",
"(707, 867)",
"(410, 874)",
"(1064, 1534)",
"(401, 804)",
"(377, 533)",
"(989, 1186)",
"(653, 879)",
"(607, 1535)",
"(433, 1348)",
"(774, 916)",
"(1114, 1277)",
"(470, 913)",
"(801, 860)",
"(301, 628)",
"(851, 1172)",
"(454, 1462)",
"(1307, 1567)",
"(957, 1488)",
"(409, 852)",
"(577, 1520)",
"(459, 1183)",
"(310, 1315)",
"(929, 941)",
"(323, 1246)",
"(842, 1285)",
"(451, 1140)",
"(319, 885)",
"(1195, 1324)",
"(533, 625)",
"(310, 872)",
"(583, 1555)",
"(1327, 1550)",
"(439, 1151)",
"(476, 1309)",
"(1192, 1515)",
"(851, 984)",
"(622, 1467)",
"(897, 1405)",
"(1305, 1312)",
"(1222, 1394)",
"(442, 848)",
"(607, 1504)",
"(994, 1335)",
"(453, 1361)",
"(414, 428)",
"(713, 824)",
"(867, 949)",
"(1231, 1546)",
"(1103, 1380)",
"(822, 1277)",
"(1309, 1437)",
"(374, 1338)",
"(747, 848)",
"(1216, 1325)",
"(594, 1130)",
"(1130, 1470)",
"(830, 1221)",
"(550, 893)",
"(331, 1448)",
"(306, 1363)",
"(479, 1570)",
"(843, 1274)",
"(687, 907)",
"(668, 1109)",
"(302, 1244)",
"(862, 1017)",
"(493, 1253)",
"(653, 1561)",
"(525, 1100)",
"(728, 999)",
"(430, 1588)",
"(314, 409)",
"(575, 1584)",
"(605, 1046)",
"(379, 995)",
"(373, 971)",
"(903, 1007)",
"(771, 1568)",
"(1235, 1592)",
"(360, 693)",
"(494, 957)",
"(1081, 1278)",
"(1274, 1300)",
"(930, 1081)",
"(540, 814)",
"(527, 567)",
"(301, 1179)",
"(958, 1141)",
"(369, 1108)",
"(554, 1378)",
"(700, 1509)",
"(654, 1496)",
"(708, 1395)",
"(1068, 1197)",
"(471, 806)",
"(585, 1382)",
"(708, 1066)",
"(1380, 1447)",
"(519, 1248)",
"(672, 1177)",
"(548, 1475)",
"(1330, 1547)",
"(460, 867)",
"(688, 1272)",
"(776, 1244)",
"(1062, 1325)",
"(1153, 1501)",
"(833, 1285)",
"(460, 1381)",
"(516, 1260)",
"(1155, 1588)",
"(915, 1238)",
"(712, 929)",
"(775, 1419)",
"(1012, 1280)",
"(1480, 1564)",
"(1344, 1541)",
"(996, 1157)",
"(452, 1202)",
"(997, 1136)",
"(639, 1542)",
"(853, 890)",
"(919, 1419)",
"(370, 1481)",
"(932, 1211)",
"(925, 1049)",
"(754, 1577)",
"(663, 1265)",
"(306, 1584)",
"(439, 1429)",
"(972, 1293)",
"(377, 1179)",
"(522, 1521)",
"(336, 824)",
"(344, 949)",
"(516, 714)",
"(314, 923)",
"(770, 1443)",
"(502, 795)",
"(811, 1070)",
"(1011, 1527)",
"(982, 1380)",
"(799, 1468)",
"(390, 1096)",
"(313, 533)",
"(750, 1510)",
"(339, 1425)",
"(477, 1097)",
"(706, 1321)",
"(631, 943)",
"(711, 1155)",
"(790, 791)",
"(1106, 1270)",
"(694, 1105)",
"(768, 988)",
"(1334, 1413)",
"(317, 735)",
"(732, 1521)",
"(489, 1360)",
"(342, 566)",
"(580, 1506)",
"(856, 1051)",
"(978, 1595)",
"(427, 455)",
"(467, 1102)",
"(469, 1115)",
"(732, 942)",
"(653, 956)",
"(624, 1106)",
"(762, 1432)",
"(453, 1277)",
"(1143, 1474)",
"(790, 1422)",
"(1039, 1536)",
"(689, 1091)",
"(414, 637)",
"(441, 1449)",
"(561, 651)",
"(654, 1205)",
"(725, 810)",
"(1208, 1212)",
"(477, 713)",
"(1038, 1069)",
"(789, 1190)",
"(532, 658)",
"(1348, 1558)",
"(824, 873)",
"(489, 1077)",
"(504, 705)",
"(812, 845)",
"(1165, 1381)",
"(922, 1266)",
"(558, 1477)",
"(552, 1420)",
"(627, 1377)",
"(1138, 1211)",
"(779, 1589)",
"(719, 1273)",
"(428, 1458)",
"(1369, 1402)",
"(1164, 1171)",
"(1143, 1456)",
"(784, 1558)",
"(852, 1026)",
"(1104, 1273)",
"(787, 946)",
"(476, 489)",
"(680, 1383)",
"(1381, 1489)",
"(441, 1466)",
"(1283, 1506)",
"(557, 993)",
"(981, 1303)",
"(391, 1257)",
"(395, 868)",
"(344, 1203)",
"(434, 1261)",
"(844, 935)",
"(757, 1466)",
"(504, 1029)",
"(619, 1227)",
"(317, 1246)",
"(1527, 1551)",
"(362, 1356)",
"(775, 1024)",
"(986, 1368)",
"(327, 1090)",
"(485, 1201)",
"(514, 1207)",
"(338, 1259)",
"(407, 868)",
"(736, 1384)",
"(390, 1581)",
"(1293, 1445)",
"(739, 1520)",
"(779, 1469)",
"(335, 1262)",
"(304, 1013)",
"(1042, 1059)",
"(635, 1331)",
"(1185, 1344)",
"(312, 450)",
"(488, 793)",
"(1270, 1341)",
"(319, 353)",
"(1174, 1380)",
"(412, 1270)",
"(402, 1543)",
"(695, 1484)",
"(818, 982)",
"(923, 1027)",
"(843, 1230)",
"(953, 1488)",
"(1401, 1441)",
"(1273, 1322)",
"(1085, 1139)",
"(746, 1071)",
"(559, 590)",
"(500, 1045)",
"(340, 1198)",
"(598, 719)",
"(772, 1104)",
"(930, 1203)",
"(500, 1453)",
"(1459, 1569)",
"(305, 867)",
"(712, 898)",
"(1055, 1483)",
"(483, 820)",
"(791, 1293)",
"(435, 1271)",
"(677, 1351)",
"(602, 1524)",
"(418, 1360)",
"(584, 1241)",
"(1001, 1502)",
"(1320, 1440)",
"(1137, 1219)",
"(630, 655)",
"(1090, 1340)",
"(398, 592)",
"(354, 987)",
"(576, 1368)",
"(786, 1072)",
"(675, 785)",
"(464, 496)",
"(686, 1107)",
"(330, 1024)",
"(789, 1147)",
"(650, 1518)",
"(538, 1106)",
"(1269, 1491)",
"(755, 1473)",
"(2277, 2276)",1.0
"(1322, 1447)",
"(1483, 2453)",1.0
"(450, 867)",
"(807, 1179)",
"(891, 1441)",
"(386, 398)",
"(484, 1160)",
"(1141, 1222)",
"(391, 414)",
"(1375, 1461)",
"(593, 1219)",
"(354, 1244)",
"(1285, 1389)",
"(372, 1119)",
"(704, 933)",
"(1008, 1498)",
"(493, 950)",
"(729, 1048)",
"(1232, 1292)",
"(375, 1518)",
"(856, 1063)",
"(487, 493)",
"(335, 1429)",
"(476, 897)",
"(505, 605)",
"(582, 1501)",
"(550, 609)",
"(320, 1189)",
"(749, 1030)",
"(29, 146)",1.0
"(509, 1340)",
"(1304, 1430)",
"(851, 1270)",
"(374, 1361)",
"(489, 788)",
"(717, 1391)",
"(928, 961)",
"(692, 1302)",
"(543, 1597)",
"(342, 1484)",
"(319, 520)",
"(829, 1512)",
"(1169, 1411)",
"(894, 1012)",
"(730, 900)",
"(840, 1505)",
"(441, 1599)",
"(504, 1342)",
"(703, 1307)",
"(549, 925)",
"(812, 1440)",
"(336, 1176)",
"(621, 1125)",
"(578, 1103)",
"(536, 590)",
"(1084, 1594)",
"(425, 1113)",
"(659, 1185)",
"(580, 1002)",
"(849, 1411)",
"(653, 1006)",
"(651, 1396)",
"(1009, 1480)",
"(709, 1016)",
"(700, 1408)",
"(585, 1322)",
"(468, 1516)",
"(1283, 1589)",
"(756, 1215)",
"(731, 1160)",
"(507, 1330)",
"(333, 1302)",
"(617, 1352)",
"(319, 1395)",
"(403, 1131)",
"(860, 1427)",
"(667, 1171)",
"(1130, 1183)",
"(721, 805)",
"(1156, 1492)",
"(362, 737)",
"(430, 695)",
"(340, 950)",
"(617, 1284)",
"(308, 1129)",
"(672, 1085)",
"(915, 1381)",
"(1046, 1449)",
"(767, 1539)",
"(625, 1508)",
"(931, 1137)",
"(647, 1275)",
"(927, 1454)",
"(830, 1055)",
"(1167, 1471)",
"(300, 835)",
"(522, 1360)",
"(839, 868)",
"(396, 510)",
"(735, 1495)",
"(378, 629)",
"(474, 880)",
"(606, 1407)",
"(695, 1182)",
"(1290, 1468)",
"(407, 1279)",
"(1248, 1498)",
"(784, 879)",
"(324, 391)",
"(401, 922)",
"(1247, 1389)",
"(324, 1065)",
"(950, 1284)",
"(359, 834)",
"(577, 1453)",
"(476, 1539)",
"(1082, 1084)",
"(348, 437)",
"(1288, 1474)",
"(336, 1424)",
"(387, 1384)",
"(507, 1569)",
"(1195, 1578)",
"(329, 1594)",
"(325, 1203)",
"(468, 901)",
"(413, 730)",
"(1044, 1148)",
"(446, 961)",
"(448, 1172)",
"(433, 492)",
"(709, 1111)",
"(387, 637)",
"(903, 1077)",
"(381, 1106)",
"(1028, 1121)",
"(745, 962)",
"(804, 1330)",
"(364, 1056)",
"(998, 1450)",
"(920, 1500)",
"(943, 1278)",
"(1111, 1521)",
"(313, 434)",
"(567, 1446)",
"(583, 1428)",
"(396, 1261)",
"(757, 1533)",
"(1011, 1351)",
"(360, 1132)",
"(609, 1267)",
"(906, 910)",
"(608, 1439)",
"(912, 1142)",
"(496, 969)",
"(1000, 1288)",
"(1223, 1235)",
"(776, 1443)",
"(476, 768)",
"(411, 685)",
"(671, 754)",
"(1380, 1384)",
"(828, 1510)",
"(509, 1295)",
"(1094, 1155)",
"(761, 1150)",
"(1102, 1475)",
"(703, 1520)",
"(850, 1258)",
"(581, 1152)",
"(1315, 1437)",
"(681, 1437)",
"(401, 485)",
"(841, 1097)",
"(394, 1189)",
"(788, 1588)",
"(512, 1532)",
"(326, 1257)",
"(751, 307)",1.0
"(555, 1313)",
"(369, 789)",
"(422, 1483)",
"(1172, 1437)",
"(708, 720)",
"(1186, 1337)",
"(519, 926)",
"(967, 1415)",
"(546, 1220)",
"(561, 1436)",
"(338, 428)",
"(971, 1156)",
"(471, 607)",
"(451, 477)",
"(1015, 1398)",
"(665, 1535)",
"(306, 342)",
"(454, 1358)",
"(621, 970)",
"(504, 1037)",
"(626, 769)",
"(337, 1564)",
"(517, 566)",
"(1055, 1275)",
"(759, 1390)",
"(438, 1559)",
"(1119, 1361)",
"(364, 1059)",
"(663, 1342)",
"(382, 727)",
"(467, 1025)",
"(446, 884)",
"(538, 795)",
"(999, 1292)",
"(452, 597)",
"(475, 1525)",
"(406, 1397)",
"(745, 937)",
"(928, 1392)",
"(619, 707)",
"(399, 1371)",
"(472, 1067)",
"(568, 996)",
"(651, 676)",
"(1318, 1585)",
"(507, 1020)",
"(711, 1122)",
"(684, 983)",
"(912, 961)",
"(2035, 792)",1.0
"(731, 1235)",
"(832, 1464)",
"(634, 1321)",
"(543, 1000)",
"(974, 1536)",
"(810, 1019)",
"(367, 372)",
"(1213, 1433)",
"(1331, 1439)",
"(935, 1480)",
"(1258, 1279)",
"(993, 1355)",
"(609, 1457)",
"(1297, 1469)",
"(980, 1049)",
"(1162, 1225)",
"(518, 975)",
"(496, 610)",
"(432, 663)",
"(315, 820)",
"(584, 1495)",
"(431, 1175)",
"(500, 1310)",
"(729, 1332)",
"(1264, 1463)",
"(400, 1011)",
"(964, 1595)",
"(350, 1593)",
"(689, 788)",
"(342, 767)",
"(496, 961)",
"(1307, 1528)",
"(595, 1357)",
"(482, 1000)",
"(410, 1572)",
"(639, 773)",
"(463, 1130)",
"(1042, 1495)",
"(545, 1305)",
"(550, 1099)",
"(522, 658)",
"(988, 1084)",
"(517, 1075)",
"(1017, 1351)",
"(448, 924)",
"(435, 1325)",
"(791, 1348)",
"(1202, 1383)",
"(390, 554)",
"(492, 896)",
"(607, 1413)",
"(448, 590)",
"(382, 1548)",
"(713, 962)",
"(303, 531)",
"(364, 670)",
"(663, 1404)",
"(473, 699)",
"(691, 1587)",
"(316, 390)",
"(780, 1301)",
"(305, 1487)",
"(893, 1141)",
"(925, 1550)",
"(436, 1018)",
"(831, 862)",
"(1110, 1153)",
"(418, 938)",
"(499, 508)",
"(1355, 1529)",
"(419, 1039)",
"(1157, 1222)",
"(705, 781)",
"(1405, 1554)",
"(990, 1439)",
"(816, 1113)",
"(1015, 1335)",
"(488, 1390)",
"(494, 1175)",
"(992, 1445)",
"(425, 863)",
"(441, 1215)",
"(1184, 1576)",
"(382, 1215)",
"(676, 770)",
"(929, 1509)",
"(865, 1343)",
"(467, 819)",
"(807, 1072)",
"(698, 1499)",
"(842, 1083)",
"(426, 1054)",
"(1072, 1314)",
"(347, 1273)",
"(1048, 1354)",
"(1081, 1196)",
"(442, 1222)",
"(551, 1056)",
"(605, 869)",
"(387, 1329)",
"(938, 1055)",
"(837, 1473)",
"(416, 1448)",
"(730, 1181)",
"(540, 1594)",
"(1131, 1199)",
"(851, 1336)",
"(1393, 1454)",
"(539, 642)",
"(642, 751)",
"(1092, 1493)",
"(1198, 1264)",
"(1149, 1583)",
"(1412, 1572)",
"(848, 1048)",
"(721, 803)",
"(1206, 1404)",
"(578, 1588)",
"(415, 762)",
"(387, 792)",
"(307, 576)",
"(758, 1299)",
"(326, 1289)",
"(753, 783)",
"(514, 937)",
"(923, 981)",
"(1070, 1401)",
"(683, 1146)",
"(582, 703)",
"(466, 608)",
"(362, 1397)",
"(970, 1075)",
"(591, 1232)",
"(953, 1599)",
"(551, 1356)",
"(1255, 1295)",
"(839, 1363)",
"(1284, 1543)",
"(678, 1488)",
"(1057, 1080)",
"(769, 1143)",
"(727, 1102)",
"(758, 1293)",
"(726, 1290)",
"(853, 1018)",
"(650, 1515)",
"(638, 1399)",
"(1447, 1514)",
"(1145, 1569)",
"(1041, 1563)",
"(361, 1380)",
"(870, 1464)",
"(1488, 1577)",
"(1470, 1473)",
"(639, 1390)",
"(1186, 1446)",
"(1050, 1509)",
"(1330, 1396)",
"(408, 1551)",
"(1334, 1562)",
"(386, 623)",
"(430, 735)",
"(622, 1324)",
"(607, 667)",
"(544, 1564)",
"(417, 662)",
"(876, 1316)",
"(397, 1097)",
"(510, 1226)",
"(413, 847)",
"(519, 776)",
"(456, 1574)",
"(1267, 1442)",
"(924, 1551)",
"(744, 1163)",
"(932, 1257)",
"(1385, 1463)",
"(613, 1384)",
"(600, 1151)",
"(316, 1330)",
"(340, 788)",
"(912, 1494)",
"(615, 1498)",
"(603, 925)",
"(564, 666)",
"(377, 942)",
"(924, 1596)",
"(601, 1382)",
"(902, 943)",
"(398, 346)",1.0
"(468, 1481)",
"(1014, 1271)",
"(944, 1351)",
"(462, 810)",
"(334, 753)",
"(447, 589)",
"(1181, 1474)",
"(312, 723)",
"(366, 1500)",
"(872, 1376)",
"(1388, 1415)",
"(482, 1134)",
"(575, 1040)",
"(333, 544)",
"(534, 1151)",
"(1668, 1666)",1.0
"(539, 1339)",
"(838, 941)",
"(400, 1240)",
"(1580, 1594)",
"(338, 519)",
"(349, 1391)",
"(794, 1310)",
"(970, 1017)",
"(465, 910)",
"(517, 731)",
"(1380, 1394)",
"(570, 1143)",
"(1091, 1594)",
"(521, 774)",
"(515, 690)",
"(778, 1575)",
"(559, 1393)",
"(942, 1008)",
"(800, 1515)",
"(773, 1270)",
"(1031, 1343)",
"(754, 865)",
"(860, 932)",
"(781, 1315)",
"(1099, 1522)",
"(557, 1433)",
"(854, 950)",
"(495, 1150)",
"(678, 960)",
"(396, 914)",
"(357, 1276)",
"(447, 1165)",
"(1068, 1489)",
"(720, 1281)",
"(449, 809)",
"(1026, 1406)",
"(979, 1436)",
"(856, 1162)",
"(355, 648)",
"(324, 889)",
"(808, 1478)",
"(1391, 1538)",
"(428, 612)",
"(445, 745)",
"(1500, 1558)",
"(1310, 1444)",
"(740, 911)",
"(1217, 1535)",
"(472, 641)",
"(873, 1399)",
"(766, 1127)",
"(516, 1549)",
"(585, 745)",
"(1137, 1194)",
"(844, 956)",
"(1098, 1452)",
"(448, 1471)",
"(320, 1332)",
"(579, 904)",
"(735, 1209)",
"(1080, 1452)",
"(393, 940)",
"(947, 1058)",
"(394, 946)",
"(330, 1259)",
"(728, 1026)",
"(650, 826)",
"(370, 1028)",
"(1162, 1311)",
"(337, 1579)",
"(902, 947)",
"(705, 1522)",
"(1100, 1397)",
"(318, 1506)",
"(335, 1396)",
"(528, 1359)",
"(1138, 1169)",
"(989, 1064)",
"(987, 1248)",
"(415, 880)",
"(546, 1139)",
"(747, 1466)",
"(1295, 1369)",
"(1074, 1300)",
"(938, 1225)",
"(652, 814)",
"(1107, 1108)",
"(714, 1359)",
"(544, 1270)",
"(633, 1260)",
"(639, 943)",
"(931, 1348)",
"(314, 692)",
"(909, 1521)",
"(946, 1576)",
"(1179, 1587)",
"(374, 729)",
"(411, 1595)",
"(950, 1062)",
"(643, 1289)",
"(1236, 1332)",
"(522, 1340)",
"(568, 1204)",
"(355, 1368)",
"(373, 1076)",
"(1136, 1557)",
"(381, 431)",
"(633, 1499)",
"(1064, 1228)",
"(789, 980)",
"(306, 388)",
"(1323, 1354)",
"(1325, 1328)",
"(538, 1599)",
"(1076, 1132)",
"(491, 592)",
"(739, 1549)",
"(623, 1240)",
"(1076, 1127)",
"(630, 1094)",
"(549, 643)",
"(951, 1370)",
"(1068, 1176)",
"(474, 1004)",
"(652, 1572)",
"(878, 1130)",
"(882, 1018)",
"(354, 1071)",
"(682, 1272)",
"(1230, 1492)",
"(775, 785)",
"(373, 1403)",
"(398, 1174)",
"(367, 1322)",
"(986, 993)",
"(330, 1312)",
"(492, 841)",
"(666, 1440)",
"(351, 1360)",
"(631, 1179)",
"(719, 1352)",
"(780, 889)",
"(1094, 1134)",
"(720, 1531)",
"(1319, 1410)",
"(336, 1350)",
"(588, 852)",
"(407, 891)",
"(481, 1444)",
"(1416, 1592)",
"(1181, 1526)",
"(394, 471)",
"(426, 689)",
"(850, 1243)",
"(382, 905)",
"(427, 902)",
"(714, 1498)",
"(1274, 1571)",
"(779, 788)",
"(308, 650)",
"(782, 1587)",
"(401, 1182)",
"(661, 1190)",
"(381, 601)",
"(526, 851)",
"(916, 1425)",
"(429, 1373)",
"(988, 1493)",
"(547, 653)",
"(310, 1210)",
"(1086, 1193)",
"(357, 793)",
"(401, 1386)",
"(311, 1460)",
"(1200, 1291)",
"(1171, 1474)",
"(560, 920)",
"(1196, 1434)",
"(762, 1254)",
"(564, 1037)",
"(1127, 1563)",
"(492, 1551)",
"(345, 1415)",
"(775, 1372)",
"(573, 1331)",
"(1584, 885)",1.0
"(660, 1431)",
"(1024, 1375)",
"(471, 1465)",
"(1075, 1385)",
"(417, 1439)",
"(1084, 1260)",
"(1083, 1339)",
"(634, 882)",
"(329, 597)",
"(1315, 1361)",
"(1356, 1405)",
"(1432, 1545)",
"(427, 1201)",
"(697, 742)",
"(366, 660)",
"(586, 1400)",
"(997, 1506)",
"(595, 1208)",
"(522, 956)",
"(1462, 1468)",
"(1216, 1539)",
"(1393, 1459)",
"(384, 763)",
"(986, 1200)",
"(1174, 1535)",
"(599, 643)",
"(584, 1599)",
"(594, 1029)",
"(611, 1167)",
"(787, 1590)",
"(354, 951)",
"(1484, 1523)",
"(1159, 1554)",
"(1511, 1537)",
"(1023, 1350)",
"(505, 758)",
"(943, 1354)",
"(710, 857)",
"(518, 1168)",
"(347, 1240)",
"(930, 1554)",
"(1188, 1527)",
"(602, 894)",
"(384, 1570)",
"(788, 1327)",
"(1010, 1183)",
"(819, 1101)",
"(558, 1076)",
"(716, 960)",
"(1165, 1472)",
"(431, 476)",
"(783, 866)",
"(753, 808)",
"(678, 950)",
"(503, 840)",
"(596, 1314)",
"(626, 1349)",
"(344, 1522)",
"(354, 1211)",
"(366, 830)",
"(571, 1200)",
"(591, 1366)",
"(446, 1127)",
"(1184, 1568)",
"(605, 1226)",
"(572, 716)",
"(533, 541)",
"(578, 740)",
"(313, 545)",
"(488, 1287)",
"(564, 732)",
"(639, 987)",
"(490, 1570)",
"(850, 1182)",
"(662, 1101)",
"(639, 1598)",
"(692, 1445)",
"(704, 1097)",
"(733, 1515)",
"(1395, 1526)",
"(329, 511)",
"(806, 1291)",
"(770, 1059)",
"(646, 1414)",
"(417, 1226)",
"(1092, 1417)",
"(736, 1174)",
"(1014, 1042)",
"(875, 878)",
"(1178, 1280)",
"(880, 1212)",
"(1217, 1561)",
"(1398, 1415)",
"(333, 583)",
"(534, 1490)",
"(366, 1555)",
"(609, 1053)",
"(569, 1493)",
"(1155, 1520)",
"(583, 816)",
"(503, 1458)",
"(307, 1382)",
"(1181, 1227)",
"(945, 1052)",
"(559, 984)",
"(300, 626)",
"(1204, 1575)",
"(1150, 1588)",
"(435, 1497)",
"(394, 1351)",
"(403, 1248)",
"(1427, 1485)",
"(1417, 1429)",
"(476, 1227)",
"(346, 1387)",
"(570, 1414)",
"(1219, 1417)",
"(593, 1524)",
"(646, 952)",
"(646, 1568)",
"(705, 1210)",
"(371, 411)",
"(562, 667)",
"(1453, 1540)",
"(906, 1519)",
"(374, 863)",
"(405, 1281)",
"(825, 866)",
"(487, 720)",
"(734, 1004)",
"(396, 1583)",
"(591, 1552)",
"(788, 1597)",
"(433, 1014)",
"(854, 1261)",
"(660, 1133)",
"(430, 1141)",
"(978, 1543)",
"(544, 988)",
"(468, 1039)",
"(1169, 1293)",
"(448, 1295)",
"(1283, 1395)",
"(1084, 1393)",
"(405, 814)",
"(363, 1072)",
"(481, 559)",
"(1023, 1561)",
"(633, 718)",
"(408, 458)",
"(449, 920)",
"(835, 1299)",
"(348, 1208)",
"(548, 954)",
"(726, 816)",
"(1110, 1474)",
"(1310, 1562)",
"(726, 758)",
"(513, 879)",
"(1221, 1282)",
"(749, 1458)",
"(1143, 1397)",
"(927, 1528)",
"(1038, 1461)",
"(795, 1503)",
"(406, 509)",
"(821, 1444)",
"(1067, 1357)",
"(633, 792)",
"(517, 695)",
"(1454, 1515)",
"(377, 621)",
"(1508, 1548)",
"(410, 1584)",
"(1157, 1277)",
"(433, 1102)",
"(1093, 1591)",
"(540, 1221)",
"(551, 1327)",
"(944, 1106)",
"(722, 767)",
"(994, 1392)",
"(894, 1377)",
"(1348, 1377)",
"(707, 719)",
"(555, 1302)",
"(966, 1412)",
"(304, 1033)",
"(1143, 1364)",
"(1144, 1416)",
"(845, 1175)",
"(921, 1471)",
"(910, 1126)",
"(763, 1292)",
"(880, 1198)",
"(660, 1180)",
"(1236, 1484)",
"(878, 1313)",
"(423, 624)",
"(923, 1191)",
"(379, 1244)",
"(1188, 1385)",
"(303, 1277)",
"(375, 773)",
"(799, 1156)",
"(1319, 759)",1.0
"(522, 965)",
"(1419, 1563)",
"(655, 987)",
"(530, 1072)",
"(439, 1080)",
"(1075, 1241)",
"(306, 1426)",
"(603, 1065)",
"(585, 936)",
"(698, 1557)",
"(353, 1197)",
"(401, 1324)",
"(395, 775)",
"(711, 1384)",
"(655, 1329)",
"(608, 867)",
"(552, 1574)",
"(933, 1468)",
"(390, 1026)",
"(535, 1041)",
"(1144, 1329)",
"(1203, 1217)",
"(1219, 1527)",
"(779, 849)",
"(370, 1359)",
"(869, 1217)",
"(653, 1466)",
"(393, 1461)",
"(1081, 1150)",
"(1153, 1215)",
"(552, 1424)",
"(976, 1032)",
"(684, 934)",
"(942, 1580)",
"(1226, 1443)",
"(1105, 1388)",
"(774, 1015)",
"(1107, 1295)",
"(1000, 1241)",
"(664, 1374)",
"(435, 1334)",
"(379, 1397)",
"(853, 1516)",
"(1133, 1436)",
"(1050, 1185)",
"(649, 823)",
"(1181, 1524)",
"(858, 1554)",
"(629, 1092)",
"(496, 1197)",
"(945, 1234)",
"(1074, 1153)",
"(895, 945)",
"(621, 1537)",
"(1079, 1122)",
"(1360, 1443)",
"(934, 982)",
"(443, 1100)",
"(846, 1446)",
"(582, 990)",
"(352, 1155)",
"(531, 940)",
"(1015, 469)",1.0
"(698, 996)",
"(1014, 1157)",
"(1029, 1280)",
"(800, 1587)",
"(1085, 1545)",
"(346, 996)",
"(494, 1027)",
"(658, 1215)",
"(371, 1270)",
"(316, 1340)",
"(701, 1123)",
"(951, 1226)",
"(1263, 1406)",
"(444, 1304)",
"(2642, 1791)",1.0
"(465, 774)",
"(731, 1276)",
"(862, 1250)",
"(1199, 1541)",
"(1147, 1210)",
"(890, 918)",
"(531, 920)",
"(324, 1339)",
"(638, 1027)",
"(1024, 1055)",
"(422, 1355)",
"(778, 1213)",
"(523, 586)",
"(748, 886)",
"(660, 1268)",
"(315, 710)",
"(1018, 1424)",
"(357, 798)",
"(1204, 1293)",
"(821, 1479)",
"(362, 618)",
"(536, 1010)",
"(1201, 1497)",
"(337, 1451)",
"(891, 1165)",
"(334, 1013)",
"(1161, 1478)",
"(566, 1423)",
"(1130, 1549)",
"(1035, 1351)",
"(595, 1100)",
"(895, 1239)",
"(1440, 1499)",
"(529, 919)",
"(491, 896)",
"(1100, 1169)",
"(1275, 1458)",
"(483, 863)",
"(1219, 1526)",
"(686, 945)",
"(424, 1484)",
"(896, 1433)",
"(447, 696)",
"(880, 949)",
"(366, 574)",
"(947, 1255)",
"(875, 1502)",
"(633, 1366)",
"(1266, 1546)",
"(366, 592)",
"(454, 981)",
"(446, 1231)",
"(1259, 1283)",
"(711, 769)",
"(1185, 1483)",
"(1125, 1543)",
"(342, 1181)",
"(418, 1484)",
"(641, 1528)",
"(370, 1398)",
"(767, 906)",
"(545, 1204)",
"(920, 1582)",
"(582, 1542)",
"(546, 1101)",
"(564, 1396)",
"(315, 998)",
"(675, 1326)",
"(477, 688)",
"(339, 656)",
"(1128, 1400)",
"(614, 1329)",
"(1277, 1518)",
"(607, 1421)",
"(840, 1134)",
"(577, 1182)",
"(489, 729)",
"(311, 1101)",
"(673, 1404)",
"(761, 1409)",
"(362, 791)",
"(359, 540)",
"(852, 959)",
"(428, 826)",
"(1113, 1595)",
"(960, 1039)",
"(553, 616)",
"(1403, 1488)",
"(578, 798)",
"(377, 706)",
"(704, 912)",
"(846, 1378)",
"(1127, 1367)",
"(709, 857)",
"(1069, 1187)",
"(563, 618)",
"(981, 1352)",
"(406, 569)",
"(368, 772)",
"(1178, 1264)",
"(628, 1561)",
"(378, 627)",
"(1416, 1575)",
"(637, 1411)",
"(653, 1489)",
"(721, 1118)",
"(965, 997)",
"(646, 762)",
"(116, 93)",1.0
"(871, 1429)",
"(352, 436)",
"(460, 465)",
"(754, 1085)",
"(1409, 1576)",
"(495, 1019)",
"(1154, 1409)",
"(1083, 1519)",
"(353, 517)",
"(1302, 1564)",
"(997, 1240)",
"(366, 671)",
"(724, 759)",
"(385, 606)",
"(1143, 1486)",
"(1031, 1364)",
"(869, 1270)",
"(894, 1129)",
"(13, 140)",1.0
"(597, 600)",
"(809, 1124)",
"(1409, 1446)",
"(462, 869)",
"(1411, 1479)",
"(973, 1119)",
"(339, 1286)",
"(808, 1316)",
"(953, 1490)",
"(606, 1065)",
"(517, 841)",
"(747, 754)",
"(543, 1169)",
"(486, 1556)",
"(645, 944)",
"(1140, 1147)",
"(607, 1172)",
"(382, 391)",
"(368, 620)",
"(937, 1254)",
"(332, 1112)",
"(737, 1007)",
"(694, 1327)",
"(344, 393)",
"(462, 1269)",
"(1162, 1484)",
"(1278, 1560)",
"(1132, 1166)",
"(1047, 1478)",
"(1190, 1450)",
"(657, 751)",
"(404, 711)",
"(405, 1456)",
"(927, 1404)",
"(530, 1299)",
"(709, 1132)",
"(512, 662)",
"(301, 570)",
"(500, 1119)",
"(464, 476)",
"(603, 1037)",
"(903, 1598)",
"(1310, 1411)",
"(958, 1406)",
"(901, 1271)",
"(507, 975)",
"(767, 1517)",
"(399, 891)",
"(468, 607)",
"(392, 945)",
"(1046, 1177)",
"(790, 966)",
"(932, 1225)",
"(634, 893)",
"(904, 1056)",
"(1343, 1450)",
"(423, 1188)",
"(555, 1041)",
"(624, 907)",
"(556, 751)",
"(1347, 1547)",
"(313, 1470)",
"(557, 1138)",
"(876, 878)",1.0
"(654, 859)",
"(480, 863)",
"(736, 1046)",
"(410, 1353)",
"(475, 1121)",
"(472, 824)",
"(786, 1427)",
"(847, 1347)",
"(629, 1554)",
"(834, 1545)",
"(478, 1352)",
"(472, 1259)",
"(789, 1112)",
"(1424, 1571)",
"(665, 1085)",
"(781, 856)",
"(452, 573)",
"(908, 1577)",
"(357, 1130)",
"(467, 1080)",
"(359, 1016)",
"(843, 1172)",
"(607, 1146)",
"(489, 832)",
"(644, 1358)",
"(938, 1098)",
"(313, 1453)",
"(740, 1005)",
"(1045, 1107)",
"(377, 1415)",
"(477, 648)",
"(742, 885)",
"(1260, 1452)",
"(366, 937)",
"(411, 1459)",
"(753, 1281)",
"(474, 1318)",
"(505, 646)",
"(1087, 1361)",
"(510, 901)",
"(1262, 1497)",
"(490, 1209)",
"(832, 1452)",
"(546, 860)",
"(703, 1497)",
"(624, 1123)",
"(517, 1235)",
"(308, 1169)",
"(550, 1450)",
"(480, 690)",
"(603, 630)",
"(566, 1259)",
"(964, 1331)",
"(441, 446)",
"(1163, 1181)",
"(554, 1452)",
"(1192, 1231)",
"(1041, 1489)",
"(762, 789)",
"(1311, 1506)",
"(614, 1282)",
"(1394, 1515)",
"(471, 1247)",
"(452, 953)",
"(612, 1579)",
"(307, 754)",
"(975, 1479)",
"(693, 1212)",
"(339, 936)",
"(352, 1199)",
"(584, 1025)",
"(477, 947)",
"(413, 1436)",
"(1257, 1454)",
"(392, 1094)",
"(1093, 1441)",
"(1054, 1067)",
"(432, 861)",
"(1196, 1421)",
"(930, 1541)",
"(893, 1171)",
"(835, 1504)",
"(874, 1144)",
"(907, 1527)",
"(971, 1541)",
"(828, 1013)",
"(309, 1015)",
"(304, 1540)",
"(531, 1524)",
"(873, 1454)",
"(853, 1259)",
"(737, 746)",
"(900, 1595)",
"(1187, 1428)",
"(614, 924)",
"(1480, 1529)",
"(1322, 1512)",
"(649, 1300)",
"(701, 1350)",
"(740, 937)",
"(665, 1543)",
"(393, 974)",
"(337, 342)",
"(725, 1353)",
"(509, 1353)",
"(935, 1556)",
"(927, 1167)",
"(377, 859)",
"(405, 442)",
"(1051, 1369)",
"(860, 1204)",
"(673, 762)",
"(1056, 1071)",
"(473, 1271)",
"(923, 1360)",
"(538, 915)",
"(1124, 1474)",
"(1238, 1376)",
"(748, 1569)",
"(522, 1304)",
"(1024, 1417)",
"(364, 511)",
"(801, 1384)",
"(634, 717)",
"(490, 513)",
"(943, 953)",
"(681, 1507)",
"(431, 911)",
"(1329, 1508)",
"(1076, 1380)",
"(716, 1387)",
"(378, 919)",
"(1003, 1274)",
"(425, 909)",
"(697, 1574)",
"(392, 528)",
"(574, 1192)",
"(627, 720)",
"(863, 1081)",
"(1302, 1299)",1.0
"(1485, 1506)",
"(952, 1092)",
"(326, 639)",
"(1334, 1469)",
"(484, 636)",
"(630, 704)",
"(447, 1331)",
"(307, 342)",
"(330, 354)",
"(840, 1144)",
"(317, 380)",
"(514, 1240)",
"(1194, 1201)",
"(548, 1192)",
"(518, 1147)",
"(638, 1510)",
"(1219, 1476)",
"(302, 1533)",
"(919, 1253)",
"(450, 877)",
"(398, 563)",
"(368, 710)",
"(617, 1569)",
"(647, 1310)",
"(807, 1070)",
"(866, 1428)",
"(1169, 1546)",
"(659, 1161)",
"(1385, 1437)",
"(330, 1016)",
"(386, 1111)",
"(1070, 1346)",
"(1185, 1303)",
"(1126, 1273)",
"(1121, 1361)",
"(1094, 1348)",
"(583, 1351)",
"(1054, 1248)",
"(525, 1269)",
"(1522, 1580)",
"(471, 1024)",
"(1269, 1534)",
"(573, 902)",
"(474, 1572)",
"(711, 1319)",
"(565, 1362)",
"(1257, 1490)",
"(572, 1371)",
"(951, 1309)",
"(504, 1301)",
"(576, 1487)",
"(1096, 1211)",
"(344, 1271)",
"(999, 1226)",
"(659, 1176)",
"(787, 1282)",
"(1065, 1259)",
"(460, 629)",
"(1388, 1500)",
"(567, 1310)",
"(1033, 1570)",
"(374, 634)",
"(336, 493)",
"(1278, 1361)",
"(583, 1091)",
"(553, 1499)",
"(844, 1141)",
"(820, 1470)",
"(1073, 1150)",
"(1032, 1293)",
"(420, 790)",
"(463, 1394)",
"(773, 779)",
"(963, 1504)",
"(1164, 1336)",
"(504, 1471)",
"(578, 1420)",
"(387, 1283)",
"(848, 1290)",
"(637, 1338)",
"(980, 1478)",
"(705, 1542)",
"(861, 902)",
"(645, 927)",
"(1294, 1435)",
"(831, 1589)",
"(1435, 1525)",
"(628, 699)",
"(905, 1546)",
"(1301, 1593)",
"(737, 1297)",
"(566, 800)",
"(382, 1344)",
"(366, 811)",
"(398, 1080)",
"(929, 1194)",
"(959, 1490)",
"(1055, 1362)",
"(339, 1537)",
"(615, 982)",
"(1447, 1495)",
"(849, 1019)",
"(415, 959)",
"(890, 1395)",
"(356, 1036)",
"(937, 1352)",
"(1239, 1534)",
"(568, 983)",
"(425, 1310)",
"(1112, 1366)",
"(321, 665)",
"(768, 1010)",
"(698, 1257)",
"(342, 948)",
"(707, 1350)",
"(628, 1175)",
"(368, 463)",
"(1022, 1540)",
"(1022, 1543)",
"(335, 1149)",1.0
"(494, 705)",
"(367, 431)",
"(632, 878)",
"(366, 1043)",
"(973, 1326)",
"(373, 1359)",
"(316, 549)",
"(1105, 1505)",
"(1102, 1320)",
"(691, 927)",
"(804, 1590)",
"(417, 836)",
"(1426, 1433)",
"(451, 701)",
"(1451, 1597)",
"(2181, 2264)",1.0
"(778, 801)",
"(1114, 1291)",
"(592, 769)",
"(510, 578)",
"(314, 673)",
"(946, 1364)",
"(833, 1370)",
"(584, 1079)",
"(1161, 1182)",
"(461, 946)",
"(601, 720)",
"(860, 1166)",
"(388, 1284)",
"(597, 1375)",
"(359, 741)",
"(603, 686)",
"(940, 1062)",
"(1080, 1507)",
"(348, 564)",
"(652, 696)",
"(760, 1427)",
"(401, 740)",
"(452, 606)",
"(501, 1026)",
"(804, 1181)",
"(641, 970)",
"(433, 1410)",
"(537, 1273)",
"(1094, 1109)",
"(590, 1500)",
"(1069, 1356)",
"(608, 1360)",
"(451, 837)",
"(959, 1224)",
"(816, 1304)",
"(357, 389)",
"(341, 933)",
"(769, 1395)",
"(773, 778)",
"(623, 1457)",
"(957, 1151)",
"(472, 965)",
"(358, 1423)",
"(1083, 1392)",
"(964, 1239)",
"(310, 1434)",
"(635, 1095)",
"(701, 1496)",
"(670, 1188)",
"(483, 1428)",
"(649, 1194)",
"(582, 993)",
"(498, 506)",
"(310, 1553)",
"(498, 811)",
"(1288, 1469)",
"(1113, 1166)",
"(567, 1573)",
"(660, 980)",
"(582, 649)",
"(307, 1561)",
"(400, 1227)",
"(936, 1344)",
"(634, 1339)",
"(305, 1374)",
"(653, 1013)",
"(782, 1548)",
"(549, 969)",
"(837, 1439)",
"(1210, 1541)",
"(585, 1015)",
"(592, 1471)",
"(1180, 1429)",
"(1110, 1189)",
"(340, 654)",
"(631, 1587)",
"(1007, 1397)",
"(805, 1202)",
"(603, 1083)",
"(515, 1170)",
"(582, 1002)",
